debugJ8H2G7:debugCB8XG4,difficulty,5
debugJ8H2G7:debugCB8XG4,engagement,5
debug0LHBU5:debugLV39QB,difficulty,5
debug0LHBU5:debugLV39QB,engagement,5
debugBX688M:debugFKV0PH,difficulty,5
debugBX688M:debugFKV0PH,engagement,5
debug78TAPC:debugYNAOCY,difficulty,5
debug78TAPC:debugYNAOCY,engagement,5
debugE3NSVU:debugRLYMUG,difficulty,5
debugE3NSVU:debugRLYMUG,engagement,5
debugL3Q5PA:debugFREXGI,difficulty,5
debugL3Q5PA:debugFREXGI,engagement,5
debug27NZ71:debug6ZIN0N,difficulty,5
debug27NZ71:debug6ZIN0N,engagement,5
debugHVA47D:debugY1J49O,difficulty,5
debugHVA47D:debugY1J49O,engagement,5
debugLT9S8B:debugF1ZRBA,difficulty,5
debugLT9S8B:debugF1ZRBA,engagement,5
debugZ0P6HI:debugAJFHD3,difficulty,5
debugZ0P6HI:debugAJFHD3,engagement,5
